date,open,high,low,close,volume,decision,position,daily_return,cumulative_returns,equity,entry_price,contracts,tenkan,kijun,psar_mes,psar_mym
2024-05-08,5430.75,5430.75,5430.75,5430.75,0.0,BUY,0,0.0,0.0,100.0,,12,5430.75,5430.75,5430.75,5430.75
2024-05-09,5456.75,5456.75,5456.75,5456.75,0.0,BUY,1,0.47875523638539796,0.47875523638539796,100.47875523638541,5430.75,12,5443.75,5443.75,5430.75,5430.75
2024-05-10,5457.0,5471.75,5457.0,5471.75,1.0,BUY,1,0.2748888990699592,0.7536441354553571,100.75496018045392,5456.75,12,5451.25,5451.25,5431.79,5431.79
2024-05-13,5470.5,5470.5,5470.5,5470.5,0.0,BUY,1,-0.022844610956275414,0.7307995244990817,100.73194310178155,5471.75,12,5451.25,5451.25,5434.1876,5434.1876
2024-05-14,5495.0,5495.0,5495.0,5495.0,0.0,BUY,1,0.4478566858605247,1.1786562103596063,101.18307784376009,5470.5,12,5462.875,5462.875,5436.441344,5436.441344
2024-05-15,5557.0,5557.0,5557.0,5557.0,0.0,BUY,1,1.1282984531392175,2.306954663498824,102.32472494590989,5495.0,12,5506.875,5493.875,5441.12603648,5441.12603648
2024-05-16,5548.75,5548.75,5548.75,5548.75,0.0,BUY,1,-0.14846140003599062,2.1584932634628333,102.17281222667222,5557.0,12,5507.0,5493.875,5452.713432832,5452.713432832
2024-05-17,5557.75,5557.75,5557.75,5557.75,0.0,BUY,1,0.16219869339941428,2.3206919568622477,102.33853519311333,5548.75,12,5514.125,5494.25,5463.1420895488,5463.1420895488
2024-05-20,5565.25,5565.25,5565.25,5565.25,0.0,BUY,1,0.13494669605505827,2.455638652917306,102.47663766514756,5557.75,12,5530.125,5498.0,5474.495038802944,5474.495038802944
2024-05-21,5579.5,5579.5,5579.5,5579.5,0.0,BUY,1,0.25605318718835635,2.7116918401056624,102.73903236201264,5565.25,12,5564.125,5505.125,5487.200733370531,5487.200733370531
2024-05-22,5564.0,5564.0,5564.0,5564.0,0.0,BUY,1,-0.2778026704901873,2.433889169615475,102.45362058647518,5579.5,12,5564.125,5505.125,5501.968616031247,5501.968616031247
2024-05-23,5540.0,5540.0,5521.0,5521.0,1.0,BUY,1,-0.7728253055355859,1.6610638640798894,101.66183308014548,5564.0,12,5550.25,5505.125,5514.373637466248,5514.373637466248
2024-05-24,5538.75,5558.0,5538.75,5558.0,1.0,BUY,1,0.6701684477449737,2.3312323118248632,102.34313860884778,5521.0,12,5550.25,5505.125,5521.0,5521.0
2024-05-28,5562.0,5562.0,5562.0,5562.0,0.0,BUY,1,0.07196833393306945,2.4032006457579325,102.41679326059936,5558.0,12,5550.25,5505.125,5530.36,5530.36
2024-05-29,5521.0,5521.0,5521.0,5521.0,0.0,STAY,1,-0.7371449119021934,1.666055733855739,101.66183308014546,5562.0,12,5542.5,5505.125,5579.5,5579.5
2024-05-30,5488.0,5488.0,5488.0,5488.0,0.0,STAY,1,-0.5977178047455172,1.0683379291102217,101.05418220319477,5562.0,12,5525.0,5505.125,5578.33,5578.33
2024-05-31,5531.0,5531.0,5531.0,5531.0,0.0,STAY,1,0.7835276967930029,1.8518656259032247,101.84596970952445,5562.0,12,5525.0,5505.125,5574.7168,5574.7168
2024-06-03,5532.5,5532.5,5532.5,5532.5,0.0,STAY,1,0.027119869824624842,1.8789854957278496,101.8735902039313,5562.0,12,5525.0,5505.125,5571.248128,5571.248128
2024-06-04,5516.75,5516.75,5516.75,5516.75,1.0,STAY,1,-0.28468142792589246,1.594304067801957,101.58357501265938,5562.0,12,5510.25,5505.125,5567.9182028800005,5567.9182028800005
2024-06-05,5602.0,5602.0,5602.0,5602.0,0.0,BUY,1,1.545293877735986,3.1395979455379432,103.15333977811535,5562.0,12,5545.0,5516.375,5488.0,5488.0
2024-06-06,5600.0,5600.0,5600.0,5600.0,1.0,BUY,1,-0.03570153516601214,3.1038964103719313,103.11651245223955,5602.0,12,5559.375,5516.375,5490.28,5490.28
2024-06-07,5597.0,5597.0,5597.0,5597.0,5.0,BUY,1,-0.053571428571428575,3.050324981800503,103.06127146342584,5600.0,12,5559.375,5529.375,5492.5144,5492.5144
2024-06-10,5599.0,5619.0,5597.0,5604.0,7.0,BUY,1,0.12506700017866715,3.1753919819791703,103.19016710399114,5597.0,12,5567.875,5538.0,5494.704112,5494.704112
2024-06-11,5626.25,5626.25,5626.25,5626.25,0.0,BUY,1,0.39703783012134186,3.5724298121005122,103.59987110435942,5604.0,12,5611.625,5548.375,5499.675947520001,5499.675947520001
2024-06-12,5669.5,5669.5,5669.5,5669.5,0.0,BUY,1,0.7687180626527439,4.341147874753256,104.3962620264236,5626.25,12,5633.25,5578.75,5507.2703906688,5507.2703906688
2024-06-13,5677.25,5677.25,5677.25,5677.25,0.0,BUY,1,0.1366963577035012,4.477844232456757,104.53896791419233,5669.5,12,5637.125,5582.625,5520.248759415296,5520.248759415296
2024-06-14,5675.25,5675.25,5675.25,5675.25,0.0,BUY,1,-0.03522832357215201,4.442615908884605,104.50214058831652,5677.25,12,5637.125,5582.625,5535.948883473767,5535.948883473767
2024-06-17,5724.0,5724.0,5724.0,5724.0,0.0,BUY,1,0.8589929959032641,5.301608904787869,105.39980665653914,5675.25,12,5675.125,5606.0,5550.0789951263905,5550.0789951263905
2024-06-18,5735.0,5735.0,5735.0,5735.0,1.0,BUY,1,0.19217330538085253,5.493782210168722,105.60235694885606,5724.0,12,5702.25,5611.5,5570.949515711223,5570.949515711223
2024-06-20,5724.5,5724.5,5724.5,5724.5,0.0,BUY,1,-0.18308631211857018,5.3106958980501515,105.4090134880081,5735.0,12,5705.125,5611.5,5593.916583511652,5593.916583511652
2024-06-21,5713.75,5713.75,5713.75,5713.75,0.0,BUY,1,-0.1877893265787405,5.122906571471411,105.21106661142568,5724.5,12,5705.125,5611.5,5613.66826182002,5613.66826182002
2024-06-24,5696.75,5696.75,5696.75,5696.75,0.0,BUY,1,-0.29752789323999124,4.82537867823142,104.89803434148138,5713.75,12,5715.875,5611.5,5630.654705165218,5630.654705165218
2024-06-25,5709.75,5709.75,5704.5,5704.5,6.0,BUY,1,0.13604248036160968,4.96142115859303,105.0407402292501,5696.75,12,5715.875,5611.5,5645.263046442087,5645.263046442087
2024-06-26,5717.0,5723.0,5704.25,5723.0,5.0,BUY,1,0.3243053729511789,5.285726531544209,105.38139299360125,5704.5,12,5710.625,5611.5,5657.826219940195,5657.826219940195
2024-06-27,5721.0,5721.0,5721.0,5721.0,0.0,BUY,1,-0.034946706272933774,5.250779825271275,105.34456566772546,5723.0,12,5709.875,5611.5,5668.630549148568,5668.630549148568
2024-06-28,5700.25,5700.25,5700.25,5700.25,0.0,BUY,1,-0.36269882887607063,4.888080996395204,104.96248216176403,5721.0,12,5709.875,5611.5,5677.922272267769,5677.922272267769
2024-07-01,5713.75,5713.75,5713.75,5713.75,0.0,BUY,1,0.23683171790710936,5.124912714302313,105.21106661142568,5700.25,12,5711.625,5625.875,5685.913154150281,5685.913154150281
2024-07-02,5740.0,5740.0,5740.0,5740.0,1.0,BUY,1,0.45941807044410415,5.584330784746418,105.69442526354554,5713.75,12,5720.125,5628.375,5692.785312569242,5692.785312569242
2024-07-03,5770.0,5770.0,5770.0,5770.0,0.0,BUY,1,0.5226480836236934,6.106978868370111,106.24683515168255,5740.0,12,5735.125,5643.375,5700.339662558163,5700.339662558163
2024-07-05,5775.0,5780.0,5775.0,5780.0,2.0,BUY,1,0.17331022530329288,6.280289093673404,106.43097178106154,5770.0,12,5740.125,5688.5,5712.878523297693,5712.878523297693
2024-07-08,5806.0,5806.0,5806.0,5806.0,0.0,BUY,1,0.4498269896193772,6.730116083292781,106.90972701744694,5780.0,12,5759.875,5701.5,5726.302818638154,5726.302818638154
2024-07-09,5812.0,5825.0,5812.0,5825.0,6.0,BUY,1,0.3272476748191526,7.057363758111934,107.25958661326703,5806.0,12,5782.5,5711.0,5742.242254910523,5742.242254910523
2024-07-10,5835.0,5864.0,5835.0,5864.0,2.0,BUY,1,0.6695278969957081,7.726891655107642,107.97771946784512,5825.0,12,5817.0,5730.5,5758.793803928418,5758.793803928418
2024-07-11,5828.0,5828.0,5828.0,5828.0,1.0,BUY,1,-0.6139154160982265,7.112976239009416,107.31482760208071,5864.0,12,5819.5,5745.125,5779.835043142734,5779.835043142734
2024-07-12,5870.75,5870.75,5865.0,5865.0,2.0,BUY,1,0.634866163349348,7.7478424023587635,107.99613313078302,5828.0,12,5838.375,5770.125,5796.668034514188,5796.668034514188
2024-07-15,5858.0,5858.0,5858.0,5858.0,1.0,BUY,1,-0.11935208866155159,7.6284903136972115,107.86723749021772,5865.0,12,5841.375,5773.0,5811.48442761135,5811.48442761135
2024-07-16,5894.5,5894.5,5894.5,5894.5,0.0,BUY,1,0.6230795493342438,8.251569863031456,108.53933618745107,5858.0,12,5861.25,5784.875,5823.33754208908,5823.33754208908
2024-07-17,5828.0,5828.0,5828.0,5828.0,10.0,STAY,1,-1.128170328272118,7.123399534759338,107.31482760208073,5894.5,12,5861.25,5795.625,5894.5,5894.5
2024-07-18,5770.0,5770.0,5770.0,5770.0,1.0,STAY,1,-0.9951956074124915,6.1282039273468465,106.24683515168253,5894.5,12,5832.25,5795.625,5893.17,5893.17
2024-07-19,5735.0,5735.0,5730.5,5735.0,3.0,STAY,1,-0.6065857885615251,5.521618138785321,105.60235694885604,5894.5,12,5812.5,5795.625,5888.2432,5888.2432
2024-07-22,5789.5,5789.5,5789.5,5789.5,0.0,STAY,1,0.9503051438535309,6.471923282638852,106.60590157897158,5894.5,12,5812.5,5795.625,5878.778608,5878.778608
2024-07-23,5774.5,5774.5,5774.5,5774.5,0.0,STAY,1,-0.2590897314103118,6.21283355122854,106.32969663490309,5894.5,12,5779.25,5795.625,5869.88189152,5869.88189152
2024-07-24,5715.0,5715.0,5715.0,5715.0,2.0,STAY,1,-1.0303922417525326,5.182441309476007,105.23408369009805,5894.5,12,5752.25,5797.375,5861.5189780288,5861.5189780288
2024-07-25,5610.5,5610.5,5610.5,5610.5,0.0,STAY,1,-1.8285214348206476,3.35391987465536,103.3098559130875,5894.5,12,5700.0,5752.5,5849.797459786496,5849.797459786496
2024-07-26,5670.0,5670.0,5670.0,5670.0,0.0,STAY,1,1.0605115408608858,4.414431415516246,104.40546885789254,5894.5,12,5700.0,5752.5,5825.8677138078465,5825.8677138078465
2024-07-29,5673.0,5673.0,5673.0,5673.0,0.0,STAY,1,0.052910052910052914,4.467341468426299,104.46070984670625,5894.5,12,5692.5,5752.5,5804.330942427062,5804.330942427062
2024-07-30,5639.0,5639.0,5639.0,5639.0,0.0,STAY,1,-0.5993301604089547,3.868011308017344,103.83464530681766,5894.5,12,5662.75,5752.5,5784.947848184356,5784.947848184356
2024-07-31,5727.0,5727.0,5727.0,5727.0,0.0,STAY,1,1.5605603830466395,5.428571691063984,105.45504764535285,5894.5,12,5668.75,5752.5,5767.503063365921,5767.503063365921
2024-08-01,5635.0,5635.0,5635.0,5635.0,1.0,STAY,1,-1.6064257028112447,3.822145988252739,103.76099065506605,5894.5,12,5681.0,5752.5,5751.802757029329,5751.802757029329
2024-08-02,5516.5,5516.5,5516.5,5516.5,0.0,STAY,1,-2.102928127772848,1.719217860479891,101.5789715969249,5894.5,12,5621.75,5705.5,5737.672481326396,5737.672481326396
2024-08-05,5352.25,5352.25,5352.25,5352.25,0.0,STAY,1,-2.9774313423366268,-1.2582134818567359,98.55452745937484,5894.5,12,5539.625,5623.375,5711.131783567229,5711.131783567229
2024-08-06,5407.25,5407.25,5407.25,5407.25,0.0,STAY,1,1.0276052127609883,-0.2306082690957476,99.56727892095934,5894.5,12,5539.625,5623.375,5660.888333867817,5660.888333867817
2024-08-07,5368.0,5368.0,5368.0,5368.0,0.0,STAY,1,-0.7258772943732952,-0.9564855634690428,98.84454265064676,5894.5,12,5493.625,5623.375,5617.678967126322,5617.678967126322
2024-08-08,5457.0,5457.0,5457.0,5457.0,1.0,STAY,1,1.657973174366617,0.7014876108975743,100.48335865211986,5894.5,12,5434.375,5623.375,5580.518911728637,5580.518911728637
2024-08-09,5518.0,5518.0,5518.0,5518.0,0.0,STAY,1,1.117830309693971,1.8193179205915453,101.60659209133175,5894.5,12,5435.125,5623.375,5548.561264086628,5548.561264086628
2024-08-12,5518.25,5518.25,5518.25,5518.25,0.0,STAY,1,0.004530627038782167,1.8238485476303274,101.61119550706621,5894.5,12,5443.125,5623.375,5521.077687114501,5521.077687114501
2024-08-13,5607.25,5607.25,5607.25,5607.25,0.0,BUY,1,1.6128301544873829,3.4366787021177103,103.25001150853932,5894.5,12,5487.625,5623.375,5352.25,5352.25
2024-08-14,5626.5,5626.5,5626.5,5626.5,0.0,BUY,1,0.34330554193231977,3.77998424405003,103.60447452009389,5607.25,12,5541.75,5590.125,5357.35,5357.35
2024-08-15,5722.5,5722.5,5722.5,5722.5,0.0,BUY,1,1.7062116768861637,5.4861959209361935,105.37218616213228,5626.5,12,5620.25,5570.875,5368.116,5368.116
2024-08-16,5737.5,5737.5,5737.5,5737.5,0.0,BUY,1,0.2621231979030144,5.748319118839208,105.64839110620079,5722.5,12,5627.875,5570.875,5389.37904,5389.37904
2024-08-19,5760.0,5785.25,5760.0,5785.25,2.0,BUY,1,0.8322440087145969,6.5805631275538055,106.52764351148552,5737.5,12,5696.25,5570.875,5417.2287168,5417.2287168
2024-08-20,5809.25,5809.25,5802.75,5802.75,2.0,BUY,1,0.3024934099649972,6.883056537518803,106.84988261289877,5785.25,12,5717.875,5580.75,5454.03084512,5454.03084512
2024-08-21,5807.5,5807.5,5807.5,5807.5,1.0,BUY,1,0.08185773986471932,6.964914277383522,106.93734751185379,5802.75,12,5765.875,5580.75,5496.6571437056,5496.6571437056
2024-08-22,5780.0,5780.0,5780.0,5780.0,1.0,BUY,1,-0.4735256134309083,6.4913886639526135,106.43097178106154,5807.5,12,5773.375,5580.75,5534.168286460928,5534.168286460928
2024-08-23,5807.0,5807.75,5789.75,5789.75,5.0,BUY,1,0.16868512110726644,6.66007378505988,106.61050499470606,5780.0,12,5784.625,5580.75,5567.178092085617,5567.178092085617
2024-08-26,5798.0,5798.0,5780.5,5797.0,4.0,BUY,1,0.12522129625631503,6.785295081316195,106.74400405100585,5789.75,12,5794.625,5580.75,5596.226721035343,5596.226721035343
2024-08-27,5805.0,5805.0,5805.0,5805.0,0.0,BUY,1,0.13800241504226324,6.923297496358458,106.89131335450905,5797.0,12,5793.875,5580.75,5621.7895145111015,5621.7895145111015
2024-08-28,5770.0,5770.0,5770.0,5770.0,0.0,BUY,1,-0.6029285099052542,6.320368986453204,106.24683515168256,5805.0,12,5788.875,5580.75,5644.284772769769,5644.284772769769
2024-08-29,5770.0,5770.0,5770.0,5770.0,0.0,BUY,1,0.0,6.320368986453204,106.24683515168256,5770.0,12,5788.875,5580.75,5664.080600037397,5664.080600037397
2024-08-30,5823.0,5823.0,5823.0,5823.0,0.0,BUY,1,0.9185441941074522,7.238913180560656,107.22275928739127,5770.0,12,5796.5,5587.625,5681.5009280329095,5681.5009280329095
2024-09-03,5700.25,5700.25,5700.25,5700.25,0.0,STAY,1,-2.10801992100292,5.130893259557737,104.96248216176404,5823.0,12,5761.625,5587.625,5823.0,5823.0
2024-09-04,5682.5,5682.5,5682.5,5682.5,0.0,STAY,1,-0.3113898513223104,4.819503408235426,104.63563964461632,5823.0,12,5752.75,5595.5,5820.545,5820.545
2024-09-05,5662.5,5662.5,5662.5,5662.5,0.0,STAY,1,-0.3519577650681918,4.4675456431672345,104.26736638585832,5823.0,12,5742.75,5595.5,5815.0232,5815.0232
2024-09-06,5540.0,5540.0,5540.0,5540.0,1.0,STAY,1,-2.163355408388521,2.3041902347787135,102.01169267596558,5823.0,12,5681.5,5640.0,5805.871808,5805.871808
2024-09-09,5625.5,5625.5,5625.5,5625.5,0.0,STAY,1,1.5433212996389893,3.847511534417703,103.58606085715601,5823.0,12,5620.125,5670.5,5784.60206336,5784.60206336
2024-09-10,5650.0,5650.0,5650.0,5650.0,0.0,STAY,1,0.4355168429472936,4.283028377364997,104.03719559913456,5823.0,12,5611.25,5670.625,5765.0338982912,5765.0338982912
2024-09-11,5680.0,5680.0,5680.0,5680.0,1.0,STAY,1,0.5309734513274336,4.81400182869243,104.58960548727157,5823.0,12,5610.0,5681.5,5747.031186427904,5747.031186427904
2024-09-12,5754.75,5754.75,5754.75,5754.75,0.0,BUY,1,1.3160211267605633,6.1300229554529935,105.9660267918796,5823.0,12,5647.375,5681.5,5540.0,5540.0
2024-09-13,5789.0,5789.0,5781.0,5784.0,3.0,BUY,1,0.5082757721881923,6.638298727641185,106.50462643281317,5754.75,12,5707.25,5681.5,5544.295,5544.295
2024-09-16,5790.0,5790.0,5790.0,5790.0,0.0,BUY,1,0.1037344398340249,6.74203316747521,106.61510841044057,5784.0,12,5720.0,5681.5,5554.0832,5554.0832
2024-09-17,5816.75,5828.0,5780.0,5800.0,8.0,BUY,1,0.17271157167530224,6.914744739150512,106.79924503981958,5790.0,12,5754.0,5684.0,5568.238208,5568.238208
2024-09-18,5809.0,5809.0,5809.0,5809.0,8.0,BUY,1,0.15517241379310345,7.069917152943615,106.96496800626068,5800.0,12,5791.375,5684.0,5589.019151359999,5589.019151359999
2024-09-19,5870.0,5878.0,5853.0,5873.5,8.0,BUY,1,1.1103460148046136,8.18026316774823,108.15264926575523,5809.0,12,5829.0,5709.0,5608.1376192512,5608.1376192512
2024-09-20,5855.0,5858.0,5838.5,5858.0,25.0,BUY,1,-0.2638971652336767,7.916366002514553,107.86723749021779,5873.5,12,5829.0,5709.0,5635.12385732608,5635.12385732608
2024-09-23,5856.25,5870.0,5856.25,5870.0,2.0,BUY,1,0.20484807101399793,8.12121407352855,108.08820144547259,5858.0,12,5829.0,5709.0,5659.411471593472,5659.411471593472
2024-09-24,5873.0,5873.75,5873.0,5873.75,2.0,BUY,1,0.06388415672913117,8.185098230257681,108.15725268148972,5870.0,12,5843.5,5709.0,5681.270324434125,5681.270324434125
2024-09-25,5885.0,5885.25,5862.5,5873.5,8.0,BUY,1,-0.004256224728665674,8.180842005529016,108.15264926575526,5873.75,12,5861.875,5712.625,5700.943291990712,5700.943291990712
2024-09-26,5913.25,5913.25,5885.0,5898.25,10.0,BUY,1,0.4213841831957095,8.602226188724725,108.60838742346827,5873.5,12,5875.875,5726.625,5723.060096951826,5723.060096951826
2024-09-27,5914.5,5914.5,5885.0,5885.0,4.0,BUY,1,-0.22464290255584285,8.377583286168882,108.3644063895411,5898.25,12,5885.375,5727.25,5749.686683378571,5749.686683378571
2024-09-30,5885.0,5913.5,5885.0,5913.5,5.0,BUY,1,0.48428207306711984,8.861865359236003,108.88919578327125,5885.0,12,5888.5,5727.25,5776.056814037999,5776.056814037999
2024-10-01,5870.0,5875.0,5840.0,5855.0,16.0,BUY,1,-0.9892618584594571,7.872603500776545,107.81199650140411,5913.5,12,5877.25,5727.25,5798.207723791919,5798.207723791919
2024-10-02,5820.0,5863.0,5820.0,5860.0,6.0,BUY,1,0.08539709649871904,7.958000597275264,107.90406481609362,5855.0,12,5867.25,5727.25,5816.8144879852125,5816.8144879852125
2024-10-03,5842.75,5844.5,5827.75,5844.5,6.0,STAY,1,-0.2645051194539249,7.693495477821339,107.61865304055617,5860.0,12,5867.25,5727.25,5914.5,5914.5
2024-10-04,5880.0,5900.0,5877.25,5898.0,7.0,STAY,1,0.9153905381127555,8.608886015934095,108.60378400773382,5860.0,12,5866.75,5727.25,5912.765,5912.765
2024-10-07,5865.0,5865.0,5859.0,5859.0,12.0,STAY,1,-0.6612410986775178,7.947644917256577,107.88565115315572,5860.0,12,5860.0,5770.0,5911.0647,5911.0647
2024-10-08,5885.0,5910.75,5885.0,5910.75,7.0,BUY,1,0.8832565284178187,8.830901445674396,108.83855821019203,5860.0,12,5865.375,5782.25,5827.75,5827.75
2024-10-09,5904.75,5959.75,5904.75,5941.0,39.0,BUY,1,0.5117793850188217,9.342680830693217,109.39557151406352,5910.75,12,5893.75,5819.875,5829.41,5829.41
2024-10-10,5937.0,5937.0,5930.0,5930.0,2.0,BUY,1,-0.1851540144756775,9.157526816217539,109.19302122174662,5941.0,12,5909.375,5857.25,5834.6236,5834.6236
2024-10-11,5945.0,5976.0,5945.0,5975.25,26.0,BUY,1,0.7630691399662732,9.920595956183812,110.02623946968659,5930.0,12,5917.5,5878.0,5839.628656,5839.628656
2024-10-14,5990.0,6025.25,5989.0,6020.75,49.0,BUY,1,0.7614744152964311,10.682070371480243,110.86406113336103,5975.25,12,5955.125,5902.625,5847.810936639999,5847.810936639999
2024-10-15,6016.25,6016.25,5967.25,5975.75,6.0,BUY,1,-0.7474151891375659,9.934655182342677,110.03544630115553,6020.75,12,5965.0,5902.625,5862.006061708799,5862.006061708799
2024-10-16,5972.75,6001.0,5970.0,6001.0,7.0,BUY,1,0.4225411036271598,10.357196285969836,110.5003912903375,5975.75,12,5977.625,5917.125,5875.0655767720955,5875.0655767720955
2024-10-17,6013.0,6023.0,6007.5,6007.5,4.0,BUY,1,0.10831528078653557,10.465511566756373,110.62008009943386,6001.0,12,5985.125,5922.625,5887.080330630328,5887.080330630328
2024-10-18,6005.0,6025.0,6005.0,6025.0,5.0,BUY,1,0.2913025384935497,10.756814105249923,110.94231920084711,6007.5,12,5996.25,5922.625,5898.133904179902,5898.133904179902
2024-10-21,6020.0,6020.0,5985.0,5985.0,10.0,BUY,1,-0.6639004149377593,10.092913690312164,110.20577268333112,6025.0,12,5996.125,5922.625,5908.30319184551,5908.30319184551
2024-10-22,5979.0,6006.75,5979.0,6006.75,9.0,BUY,1,0.3634085213032582,10.456322211615422,110.60626985223044,5985.0,12,5997.5,5922.625,5917.658936497869,5917.658936497869
2024-10-23,5984.0,5985.0,5924.0,5935.0,34.0,STAY,1,-1.194489532609148,9.261832679006273,109.28508953643612,6006.75,12,5974.5,5922.625,6025.25,6025.25
2024-10-24,5967.5,5967.5,5940.0,5957.5,16.0,STAY,1,0.37910699241786017,9.640939671424134,109.69939695253886,6006.75,12,5974.5,5922.625,6023.225,6023.225
2024-10-25,5989.25,6012.25,5954.0,5954.5,13.0,STAY,1,-0.05035669324381032,9.590582978180324,109.64415596372515,6006.75,12,5972.0,5922.625,6021.240500000001,6021.240500000001
2024-10-28,5984.0,5985.0,5977.5,5978.0,24.0,STAY,1,0.39465950121756654,9.98524247939789,110.07687704276582,6006.75,12,5968.125,5922.625,6019.295690000001,6019.295690000001
2024-10-29,5985.0,5995.0,5980.0,5995.0,6.0,STAY,1,0.2843760455001673,10.269618524898057,110.3899093127101,6006.75,12,5968.125,5922.625,6017.389776200001,6017.389776200001
2024-10-30,5978.75,5999.25,5966.0,5966.0,14.0,STAY,1,-0.48373644703919927,9.785882077858858,109.85591308751101,6006.75,12,5976.125,5922.625,6015.521980676001,6015.521980676001
2024-10-31,5915.0,5915.0,5855.0,5862.5,64.0,STAY,1,-1.7348307073416023,8.051051370517255,107.95009897343837,6006.75,12,5933.625,5926.5,6013.691541062481,6013.691541062481
2024-11-01,5888.0,5913.0,5869.0,5869.0,40.0,STAY,1,0.11087420042643922,8.161925570943694,108.06978778253472,6006.75,12,5927.125,5940.125,6007.343879419981,6007.343879419981
2024-11-04,5857.0,5874.5,5845.75,5853.75,30.0,STAY,1,-0.2598398364286931,7.902085734515001,107.78897942273174,6006.75,12,5922.5,5935.5,6001.250124243182,6001.250124243182
2024-11-05,5879.75,5930.0,5879.75,5930.0,35.0,STAY,1,1.3025838137945762,9.204669548309578,109.19302122174662,6006.75,12,5922.5,5935.5,5991.920116788591,5991.920116788591
2024-11-06,6045.0,6089.75,6029.5,6089.75,94.0,BUY,1,2.693929173693086,11.898598722002664,112.13460387607614,6006.75,12,5967.75,5967.75,5845.75,5845.75
2024-11-07,6095.5,6132.0,6095.5,6128.0,103.0,BUY,1,0.6281046019951558,12.52670332399782,112.83892648345082,6089.75,12,5988.875,5988.875,5850.63,5850.63
2024-11-08,6130.0,6160.0,6129.75,6146.5,251.0,BUY,1,0.3018929503916449,12.828596274389465,113.17957924780197,6128.0,12,6002.875,6002.875,5861.8848,5861.8848
2024-11-11,6160.5,6165.0,6140.0,6150.25,54.0,BUY,1,0.061010331082730004,12.889606605472196,113.24863048381908,6146.5,12,6022.375,6005.375,5879.771712,5879.771712
2024-11-12,6155.5,6159.0,6114.25,6136.25,34.0,BUY,1,-0.22763302304784358,12.661973582424352,112.99083920268848,6150.25,12,6097.25,6005.375,5902.589975039999,5902.589975039999
2024-11-13,6130.0,6154.0,6124.0,6146.5,13.0,BUY,1,0.1670401303727847,12.829013712797137,113.17957924780195,6136.25,12,6130.25,6005.375,5923.5827770368,5923.5827770368
2024-11-14,6132.0,6136.25,6098.75,6101.0,31.0,BUY,1,-0.7402586838037908,12.088755028993345,112.3417575841275,6146.5,12,6131.875,6005.375,5942.896154873855,5942.896154873855
2024-11-15,6061.5,6061.5,6005.5,6025.5,73.0,BUY,1,-1.2375020488444517,10.851252980148894,110.95152603231607,6101.0,12,6085.25,6005.375,5960.664462483946,5960.664462483946
2024-11-18,6026.5,6047.25,6018.75,6044.0,11.0,BUY,1,0.3070284623682682,11.158281442517163,111.29217879666723,6025.5,12,6082.25,6005.375,5977.011305485231,5977.011305485231
2024-11-19,6009.5,6064.0,6000.75,6060.75,24.0,BUY,1,0.2771343481138319,11.435415790630994,111.60060765087705,6044.0,12,6077.375,6005.375,5992.050401046413,5992.050401046413
2024-11-20,6050.0,6079.75,6004.0,6052.75,45.0,STAY,1,-0.1319968650744545,11.30341892555654,111.45329834737385,6060.75,12,6068.5,6005.375,6165.0,6165.0
2024-11-21,6069.0,6107.5,6032.5,6100.0,50.0,STAY,1,0.7806369005823799,12.08405582613892,112.32334392118963,6060.75,12,6054.125,6005.375,6161.78,6161.78
2024-11-22,6115.0,6119.0,6093.75,6113.75,54.0,STAY,1,0.2254098360655738,12.309465662204493,112.57653178658576,6060.75,12,6059.875,6005.375,6158.6244,6158.6244
2024-11-25,6149.0,6166.5,6119.0,6140.75,30.0,BUY,1,0.4416274790431405,12.751093141247633,113.07370068590907,6060.75,12,6083.625,6006.125,6004.0,6004.0
2024-11-26,6152.0,6171.0,6138.5,6169.5,38.0,BUY,1,0.46818385376379107,13.219276995011425,113.6030934953737,6140.75,12,6087.5,6008.375,6007.25,6007.25
2024-11-27,6155.25,6161.5,6130.5,6148.75,39.0,BUY,1,-0.3363319555879731,12.882945039423452,113.22100998941227,6169.5,12,6101.75,6008.375,6013.8,6013.8
2024-11-29,6148.0,6188.0,6148.0,6181.25,61.0,BUY,1,0.5285627159991868,13.411507755422639,113.81945403489402,6148.75,12,6140.875,6016.875,6020.088,6020.088
2024-12-02,6189.0,6196.75,6180.0,6196.5,46.0,BUY,1,0.24671385237613752,13.658221607798776,114.100262394697,6181.25,12,6157.875,6021.25,6030.162719999999,6030.162719999999
2024-12-03,6189.25,6198.0,6177.0,6198.0,21.0,BUY,1,0.02420721374969741,13.682428821548474,114.12788288910384,6196.5,12,6164.25,6021.875,6043.489702399999,6043.489702399999
2024-12-04,6206.25,6230.0,6205.0,6227.0,75.0,BUY,1,0.467892868667312,14.150321690215785,114.66187911430293,6198.0,12,6180.25,6054.875,6058.940732159999,6058.940732159999
2024-12-05,6228.5,6236.0,6210.5,6210.5,43.0,BUY,1,-0.264975108398908,13.885346581816878,114.35805367582758,6227.0,12,6192.0,6118.375,6079.4678443008,6079.4678443008
2024-12-06,6223.75,6239.0,6219.75,6227.25,73.0,BUY,1,0.26970453264632477,14.155051114463202,114.6664825300374,6210.5,12,6208.0,6119.875,6101.382346098688,6101.382346098688
2024-12-09,6220.0,6220.75,6188.0,6188.0,82.0,BUY,1,-0.630294271146975,13.524756843316228,113.94374625972482,6227.25,12,6208.0,6119.875,6123.401170722897,6123.401170722897
2024-12-10,6196.5,6204.5,6168.0,6177.75,58.0,BUY,1,-0.1656431803490627,13.359113662967165,113.75500621461134,6188.0,12,6203.5,6119.875,6141.896983407234,6141.896983407234
2024-12-11,6208.25,6228.5,6207.75,6213.25,115.0,BUY,1,0.5746428715956456,13.93375653456281,114.4086912489068,6177.75,12,6203.5,6119.875,6157.433466062077,6157.433466062077
2024-12-12,6203.75,6213.5,6182.5,6187.0,99.0,BUY,1,-0.42248420713797125,13.51127232742484,113.92533259678693,6213.25,12,6203.5,6119.875,6170.484111492145,6170.484111492145
2024-12-13,6203.0,6211.0,6170.5,6177.75,103.0,STAY,1,-0.1495070308711815,13.361765296553658,113.75500621461136,6187.0,12,6198.25,6119.875,6239.0,6239.0
2024-12-16,6206.5,6222.0,6195.25,6205.25,154.0,STAY,1,0.44514588644733116,13.80691118300099,114.2613819454036,6187.0,12,6198.25,6119.875,6237.63,6237.63
2024-12-17,6183.5,6193.75,6174.0,6185.25,161.0,STAY,1,-0.32230772329881957,13.48460345970217,113.8931086866456,6187.0,12,6199.5,6119.875,6236.2874,6236.2874
2024-12-18,6181.0,6206.75,5965.0,5995.5,2293.0,STAY,1,-3.0677822238389716,10.416821235863198,110.3991161441791,6187.0,12,6093.5,6102.0,6234.971652,6234.971652
2024-12-19,6050.0,6059.0,5989.0,5997.25,1488.0,STAY,1,0.02918855808523059,10.446009793948429,110.43134005432042,6187.0,12,6093.5,6102.0,6224.17278592,6224.17278592
2024-12-20,5961.75,6107.5,5955.5,6052.5,1075.0,STAY,1,0.9212555754720914,11.36726536942052,111.44869493163938,6187.0,12,6088.75,6097.25,6213.8058744832,6213.8058744832
2024-12-23,6060.0,6100.5,6021.75,6093.0,769.0,STAY,1,0.6691449814126395,12.03641035083316,112.19444828062433,6187.0,12,6081.125,6097.25,6198.307522014207,6198.307522014207
2024-12-24,6101.75,6157.75,6100.5,6156.0,423.0,STAY,1,1.03397341211226,13.07038376294542,113.35450904571204,6187.0,12,6081.125,6097.25,6183.739070693355,6183.739070693355
2024-12-26,6139.25,6165.75,6122.0,6150.5,589.0,STAY,1,-0.08934372969460688,12.981040033250814,113.25323389955359,6187.0,12,6060.625,6097.25,6170.044726451753,6170.044726451753
2024-12-27,6109.0,6111.25,6038.5,6087.5,1244.0,STAY,1,-1.024306966913259,11.956733066337556,112.0931731344659,6187.0,12,6060.625,6097.25,6165.75,6165.75
2024-12-30,6009.5,6049.25,5974.25,6009.25,1045.0,STAY,1,-1.2854209445585216,10.671312121779033,110.65230400957523,6187.0,12,6070.0,6097.25,6153.135,6153.135
2024-12-31,6032.25,6035.75,5974.0,5995.0,1295.0,STAY,1,-0.23713441777260058,10.434177704006434,110.38990931271016,6187.0,12,6069.875,6097.25,6141.2769,6141.2769
2025-01-02,6020.0,6039.25,5930.0,5974.25,2201.0,STAY,1,-0.34612176814011675,10.088055935866317,110.00782580674874,6187.0,12,6047.875,6084.5,6130.130286,6130.130286
2025-01-03,5999.0,6052.0,5990.0,6040.0,798.0,STAY,1,1.1005565552161358,11.188612491082452,111.21852414491565,6187.0,12,6020.625,6084.5,6114.1198631199995,6114.1198631199995
2025-01-06,6087.0,6124.5,6060.0,6084.75,991.0,BUY,1,0.7408940397350994,11.929506530817552,112.04253556138667,6187.0,12,6027.25,6084.5,5930.0,5930.0
2025-01-07,6100.0,6101.5,5991.0,6009.25,1225.0,BUY,1,-1.2408069353712148,10.688699595446337,110.65230400957522,6084.75,12,6027.25,6084.5,5933.89,5933.89
2025-01-08,6005.5,6026.75,5975.0,6012.25,1268.0,BUY,1,0.04992303532054749,10.738622630766885,110.70754499838891,6009.25,12,6027.25,6079.25,5937.702200000001,5937.702200000001
2025-01-10,5976.0,5976.75,5900.25,5916.0,1662.0,STAY,1,-1.6008981662439186,9.137724464522966,108.93522994061605,6012.25,12,6012.375,6064.375,6124.5,6124.5
2025-01-13,5874.0,5938.5,5868.5,5938.0,999.0,STAY,1,0.37187288708586885,9.509597351608836,109.34033052524985,6012.25,12,5996.5,6048.5,6120.015,6120.015
2025-01-14,5959.5,5963.75,5898.0,5948.0,1377.0,STAY,1,0.1684068710003368,9.678004222609172,109.52446715462884,6012.25,12,5985.0,6045.25,6109.9544000000005,6109.9544000000005
2025-01-15,6023.25,6056.5,6009.75,6043.0,738.0,STAY,1,1.597175521183591,11.275179743792762,111.27376513372933,6012.25,12,5962.5,6045.25,6100.296224000001,6100.296224000001
2025-01-16,6054.75,6060.5,6018.0,6024.5,770.0,STAY,1,-0.3061393347674996,10.969040409025263,110.93311236937818,6012.25,12,5964.5,6045.25,6091.02437504,6091.02437504
2025-01-17,6082.25,6108.5,6070.0,6089.0,853.0,BUY,1,1.0706282679060504,12.039668676931313,112.12079362887272,6012.25,12,5988.5,6037.625,5868.5,5868.5
2025-01-21,6123.25,6152.5,6101.0,6148.5,985.0,BUY,1,0.9771719494169815,13.016840626348294,113.21640657367776,6089.0,12,6025.25,6037.625,5873.3,5873.3
2025-01-22,6175.0,6193.25,6169.25,6177.0,795.0,BUY,1,0.46352768968040986,13.480368316028704,113.7411959674079,6148.5,12,6101.5,6030.875,5884.468,5884.468
2025-01-23,6169.75,6213.5,6169.0,6208.0,610.0,BUY,1,0.5018617451837462,13.98223006121245,114.3120195184828,6177.0,12,6115.75,6041.0,5902.99492,5902.99492
2025-01-24,6210.0,6225.0,6181.5,6189.75,797.0,BUY,1,-0.29397551546391754,13.688254545748531,113.97597016986613,6208.0,12,6147.5,6046.75,5927.8353264,5927.8353264
2025-01-27,6060.0,6113.0,6058.75,6106.0,1107.0,BUY,1,-1.3530433377761621,12.33521120797237,112.433825898817,6189.75,12,6141.875,6046.75,5957.55179376,5957.55179376
2025-01-28,6116.5,6162.5,6082.75,6148.0,839.0,BUY,1,0.6878480183426138,13.023059226314983,113.2071997422088,6106.0,12,6141.875,6046.75,5984.296614383999,5984.296614383999
2025-01-29,6142.25,6148.0,6099.25,6139.75,1161.0,BUY,1,-0.1341899804814574,12.888869245833526,113.05528702297113,6148.0,12,6141.875,6046.75,6008.366952945599,6008.366952945599
2025-01-30,6148.0,6174.25,6113.75,6151.5,1304.0,BUY,1,0.1913758703530274,13.080245116186553,113.27164756249145,6139.75,12,6141.875,6046.75,6030.030257651039,6030.030257651039
2025-01-31,6184.5,6206.5,6115.5,6122.5,1450.0,BUY,1,-0.47142973258554827,12.608815383601005,112.73765133729235,6151.5,12,6132.625,6046.75,6049.527231885935,6049.527231885935
2025-02-03,6030.5,6119.75,6007.0,6108.75,1594.0,STAY,1,-0.2245814618211515,12.384233921779854,112.48446347189622,6122.5,12,6106.75,6046.75,6225.0,6225.0
2025-02-04,6079.5,6126.25,6079.25,6106.75,1012.0,STAY,1,-0.03273992224268467,12.351493999537169,112.44763614602041,6122.5,12,6106.75,6046.75,6220.64,6220.64
2025-02-05,6108.5,6150.0,6088.5,6148.25,916.0,STAY,1,0.6795758791501207,13.03106987868729,113.21180315794327,6122.5,12,6106.75,6046.75,6216.367200000001,6216.367200000001
2025-02-06,6164.0,6166.75,6128.75,6152.5,1012.0,STAY,1,0.06912536087504574,13.100195239562336,113.29006122542934,6122.5,12,6106.75,6046.75,6212.179856000001,6212.179856000001
2025-02-07,6166.0,6181.25,6099.0,6107.5,1727.0,STAY,1,-0.731409995936611,12.368785243625725,112.46144639322384,6122.5,12,6094.125,6046.75,6208.076258880001,6208.076258880001
2025-02-10,6140.0,6153.5,6126.0,6146.75,809.0,STAY,1,0.6426524764633648,13.01143772008909,113.1841826635364,6122.5,12,6130.25,6046.75,6204.054733702401,6204.054733702401
2025-02-11,6125.5,6156.5,6124.75,6147.25,661.0,STAY,1,0.008134379956887787,13.019572100045977,113.19338949500535,6122.5,12,6134.875,6046.75,6200.113639028353,6200.113639028353
2025-02-12,6088.0,6142.0,6080.75,6137.5,1446.0,STAY,1,-0.15860750742201798,12.86096459262396,113.01385628136083,6122.5,12,6131.0,6061.5,6196.251366247786,6196.251366247786
2025-02-13,6141.75,6196.5,6129.0,6191.25,1714.0,BUY,1,0.8757637474541752,13.736728340078136,114.00359066427295,6122.5,12,6138.625,6116.0,6007.0,6007.0
2025-02-14,6196.25,6203.5,6184.5,6194.75,966.0,BUY,1,0.056531395114072285,13.793259735192208,114.0680384845556,6191.25,12,6142.125,6116.0,6010.79,6010.79
2025-02-18,6202.75,6207.75,6177.0,6200.25,1347.0,BUY,1,0.08878485814601074,13.88204459333822,114.16931363071404,6194.75,12,6144.25,6116.0,6018.4984,6018.4984
2025-02-19,6193.0,6225.0,6187.0,6215.0,1485.0,BUY,1,0.23789363332123703,14.119938226659457,114.44091515904806,6200.25,12,6152.875,6116.0,6029.853496000001,6029.853496000001
2025-02-20,6206.75,6208.0,6161.5,6192.0,2311.0,BUY,1,-0.3700724054706356,13.749865821188822,114.01740091147636,6215.0,12,6177.0,6116.0,6045.465216320001,6045.465216320001
2025-02-21,6191.5,6191.5,6081.75,6083.75,3409.0,BUY,1,-1.7482235142118865,12.001642306976935,112.02412189844868,6192.0,12,6153.375,6116.0,6059.827999014401,6059.827999014401
2025-02-24,6106.0,6116.5,6051.0,6061.25,3103.0,STAY,1,-0.36983768235052394,11.631804624626412,111.60981448234593,6083.75,12,6138.0,6116.0,6225.0,6225.0
2025-02-25,6057.75,6064.25,5980.0,6036.0,4861.0,STAY,1,-0.416580738296556,11.215223886329856,111.14486949316395,6083.75,12,6102.5,6102.5,6221.52,6221.52
2025-02-26,6044.5,6080.75,6002.25,6047.5,4248.0,STAY,1,0.19052352551358515,11.405747411843441,111.3566266169498,6083.75,12,6094.0,6102.5,6211.859200000001,6211.859200000001
2025-02-27,6053.5,6064.0,5928.75,5939.5,6581.0,STAY,1,-1.7858619264158744,9.619885485427567,109.3679510196566,6083.75,12,6060.125,6076.875,6202.5848320000005,6202.5848320000005
2025-02-28,5934.0,6026.5,5903.25,6017.75,6878.0,STAY,1,1.317450963885849,10.937336449313415,110.80882014454727,6083.75,12,6009.875,6064.125,6186.154742080001,6186.154742080001
2025-03-03,6039.75,6053.0,5877.0,5930.0,7752.0,STAY,1,-1.458186199160816,9.4791502501526,109.19302122174655,6083.75,12,5978.875,6051.0,6163.522362713601,6163.522362713601
2025-03-04,5870.75,5930.0,5797.5,5881.5,11450.0,STAY,1,-0.8178752107925801,8.661275039360019,108.2999585692584,6083.75,12,5939.125,6011.25,6134.870126442241,6134.870126442241
2025-03-05,5841.75,5924.0,5804.75,5899.75,25735.0,STAY,1,0.3102949927739522,8.971570032133972,108.63600791787506,6083.75,12,5930.75,6011.25,6094.385711269172,6094.385711269172
2025-03-06,5827.75,5874.75,5772.5,5816.25,30031.0,STAY,1,-1.415314208229162,7.556255823904809,107.09846706256043,6083.75,12,5912.75,5998.75,6058.759425916872,6058.759425916872
2025-03-07,5779.25,5844.5,5725.25,5826.75,31862.0,STAY,1,0.18052869116698902,7.736784515071799,107.29181052340837,6083.75,12,5889.125,5975.125,6018.683106288509,6018.683106288509
2025-03-10,5744.0,5764.0,5621.75,5679.75,23733.0,STAY,1,-2.522847213283563,5.213937301788236,104.58500207153709,6083.75,12,5775.875,5923.375,5971.7338092823475,5971.7338092823475
2025-03-11,5660.25,5694.75,5584.5,5629.0,47822.0,STAY,1,-0.8935252431885206,4.320412058599715,103.65050867743867,6083.75,12,5754.25,5904.75,5908.736723611525,5908.736723611525
2025-03-12,5688.5,5697.0,5601.5,5649.0,34827.0,STAY,1,0.35530289571860013,4.675714954318315,104.01878193619666,6083.75,12,5729.625,5904.75,5843.88937888922,5843.88937888922
2025-03-13,5649.75,5655.5,5559.25,5588.25,66088.0,STAY,1,-1.0754115772703134,3.600303377048002,102.90015191271924,6083.75,12,5701.875,5892.125,5792.011503111376,5792.011503111376
2025-03-14,5623.0,5701.0,5616.75,5681.0,64446.0,STAY,1,1.6597324743882254,5.2600358514362275,104.60801915020944,6083.75,12,5661.625,5892.125,5745.459202489101,5745.459202489101
2025-03-17,5689.5,5759.75,5685.25,5732.25,900247.0,BUY,1,0.9021299067065657,6.162165758142793,105.55171937577683,6083.75,12,5659.5,5892.125,5559.25,5559.25
2025-03-18,5709.0,5711.0,5651.0,5669.5,969485.0,BUY,1,-1.0946835884687514,5.067482169674042,104.39626202642361,5732.25,12,5659.5,5892.125,5563.26,5563.26
2025-03-19,5687.5,5770.5,5675.75,5729.75,1112727.0,BUY,1,1.0627039421465736,6.130186111820615,105.50568521843209,5669.5,12,5664.875,5892.125,5567.1898,5567.1898
2025-03-20,5692.0,5765.25,5684.5,5716.25,1096931.0,BUY,1,-0.2356123740128278,5.894573737807788,105.25710076877044,5729.75,12,5693.625,5883.625,5575.3222080000005,5575.3222080000005
2025-03-21,5664.25,5722.25,5652.5,5720.0,1019784.0,BUY,1,0.0656024491581019,5.96017618696589,105.32615200478756,5716.25,12,5710.75,5875.375,5583.129319680001,5583.129319680001
2025-03-24,5782.5,5825.5,5776.0,5813.0,682798.0,BUY,1,1.6258741258741258,7.586050312840015,107.03862265801224,5720.0,12,5738.25,5837.875,5590.624146892801,5590.624146892801
2025-03-25,5826.0,5837.25,5808.5,5831.75,640954.0,BUY,1,0.3225528986753828,7.908603211515398,107.38387883809786,5813.0,12,5744.875,5820.0,5604.716698079233,5604.716698079233
2025-03-26,5824.0,5834.5,5743.0,5754.75,947411.0,BUY,1,-1.3203583829896686,6.588244828525729,105.96602679187956,5831.75,12,5744.875,5820.0,5623.319362232894,5623.319362232894
2025-03-27,5743.0,5779.75,5720.0,5741.75,985236.0,BUY,1,-0.22590034319475213,6.362344485330977,105.72664917368685,5754.75,12,5744.875,5811.625,5640.4338132542625,5640.4338132542625
2025-03-28,5723.5,5731.25,5602.25,5602.75,1024706.0,STAY,1,-2.4208647189445727,3.9414797663864047,103.16715002531876,5741.75,12,5719.75,5806.125,5837.25,5837.25
2025-03-31,5563.5,5672.5,5533.75,5645.0,1361759.0,STAY,1,0.7540939717103209,4.6955737380967255,103.94512728444502,5741.75,12,5685.5,5793.375,5832.55,5832.55
2025-04-01,5638.75,5694.75,5600.25,5672.25,1317834.0,STAY,1,0.48272807794508416,5.1783018160418095,104.4468995995028,5741.75,12,5684.125,5731.875,5820.598,5820.598
2025-04-02,5613.0,5776.25,5566.5,5585.0,1640581.0,STAY,1,-1.5381903124862268,3.6401115035555827,102.84030750817102,5741.75,12,5656.75,5728.875,5809.12408,5809.12408
2025-04-03,5512.0,5540.25,5415.25,5421.0,1444509.0,STAY,1,-2.936436884512086,0.7036746190434968,99.82046678635544,5741.75,12,5595.75,5645.0,5798.109116799999,5798.109116799999
2025-04-04,5292.0,5314.5,5074.0,5097.0,1884615.0,STAY,1,-5.976757055893747,-5.27308243685025,93.85443999447587,5741.75,12,5425.125,5459.25,5775.137569791999,5775.137569791999
2025-04-07,4941.75,5285.75,4867.0,5118.25,2472520.0,STAY,1,0.41691190896605845,-4.856170527884191,94.24573033190624,5741.75,12,5321.625,5352.125,5719.046564208639,5719.046564208639
2025-04-08,5272.25,5304.5,4940.5,5012.0,2119594.0,STAY,1,-2.0759048502906268,-6.932075378174818,92.28927864475439,5741.75,12,5321.625,5352.125,5633.841907787775,5633.841907787775
2025-04-09,4983.0,5519.75,4980.25,5514.5,2129896.0,STAY,1,10.025937749401436,3.093862371226618,101.5421442710491,5741.75,12,5203.625,5352.125,5557.157717008998,5557.157717008998
2025-04-10,5375.5,5388.75,5146.75,5303.75,2329909.0,STAY,1,-3.8217426783933264,-0.7278803071667084,97.66146480688668,5741.75,12,5193.375,5352.125,5519.75,5519.75
2025-04-11,5281.0,5417.75,5251.25,5396.0,1515838.0,STAY,1,1.7393353759132688,1.0114550687465604,99.36012521290795,5741.75,12,5193.375,5352.125,5454.475,5454.475
2025-04-14,5493.25,5496.5,5391.0,5432.0,1349976.0,BUY,1,0.6671608598962194,1.6786159286427798,100.02301707867234,5741.75,12,5230.125,5352.125,4867.0,4867.0
2025-04-15,5449.5,5485.0,5419.5,5425.25,1161337.0,BUY,1,-0.12426362297496317,1.5543523056678166,99.89872485384151,5432.0,12,5250.0,5352.125,4879.59,4879.59
2025-04-16,5367.0,5401.0,5250.75,5300.0,1366276.0,BUY,1,-2.3086493709967284,-0.7542970653289118,97.59241357086955,5425.25,12,5321.625,5352.125,4891.9282,4891.9282
2025-04-17,5322.5,5359.75,5285.5,5325.75,1176133.0,BUY,1,0.4858490566037736,-0.26844800872513824,98.06656539152048,5300.0,12,5373.625,5352.125,4904.019636,4904.019636
2025-04-21,5257.25,5262.5,5127.0,5184.0,1098563.0,BUY,1,-2.6615969581749046,-2.930044966900043,95.45642867007317,5325.75,12,5311.75,5352.125,4915.86924328,4915.86924328
2025-04-22,5245.5,5339.25,5236.0,5315.0,1329540.0,BUY,1,2.5270061728395063,-0.40303879406053644,97.86861851493805,5184.0,12,5306.0,5352.125,4927.4818584143995,4927.4818584143995
2025-04-23,5450.0,5500.0,5383.75,5410.5,1468272.0,BUY,1,1.7968015051740358,1.3937627111134994,99.62712332550748,5315.0,12,5313.5,5352.125,4938.862221246111,4938.862221246111
2025-04-24,5411.75,5543.5,5398.5,5519.5,1236972.0,BUY,1,2.0146012383328715,3.408363949446371,101.63421258573858,5410.5,12,5335.25,5350.75,4961.307732396267,4961.307732396267
2025-04-25,5510.25,5563.25,5480.0,5552.75,1134384.0,BUY,1,0.6024096385542169,4.010773588000588,102.24646687842376,5519.5,12,5345.125,5323.375,4996.239268452491,4996.239268452491
2025-04-28,5557.0,5578.75,5492.75,5545.25,1041909.0,BUY,1,-0.1350682094457701,3.875705378554818,102.10836440638951,5552.75,12,5407.375,5321.625,5041.600126976292,5041.600126976292
2025-04-29,5531.0,5597.5,5527.75,5582.25,1063175.0,BUY,1,0.6672377259816961,4.542943104536514,102.78966993509181,5545.25,12,5490.625,5321.625,5095.315114278663,5095.315114278663
2025-04-30,5516.5,5628.75,5455.25,5618.5,1530753.0,BUY,1,0.6493797303954498,5.1923228349319634,103.45716521659068,5582.25,12,5513.625,5321.625,5155.577300565224,5155.577300565224
2025-05-01,5644.75,5682.25,5601.5,5611.0,1095457.0,BUY,1,-0.13348758565453414,5.058835249277429,103.31906274455643,5618.5,12,5568.75,5321.625,5221.821478486092,5221.821478486092
2025-05-02,5687.0,5724.5,5663.0,5710.75,1010140.0,BUY,1,1.7777579754054535,6.836593224682883,105.15582562261194,5611.0,12,5589.875,5295.75,5295.490041928318,5295.490041928318
2025-05-05,5664.25,5706.0,5655.25,5671.5,807659.0,BUY,1,-0.6873002670402312,6.149292957642651,104.43308935229936,5710.75,12,5589.875,5295.75,5372.711834381221,5372.711834381221
2025-05-06,5616.5,5671.75,5605.0,5615.5,1079779.0,BUY,1,-0.9873931058802786,5.161899851762373,103.40192422777697,5671.5,12,5589.875,5295.75,5436.033704192601,5436.033704192601
2025-05-07,5638.25,5656.5,5620.0,5636.25,429238.0,BUY,1,0.36951295521324906,5.531412806975622,103.7840077337384,5615.5,12,5663.0,5332.5,5487.957637437933,5487.957637437933
